'NBA draft',
 'Detroit',
 'evan-mobley',
 'Houston',
 'ayo-dosunmu',
 'Cleveland',
 'cade-cunningham',
 'Toronto',
 'chris-duarte',
 'Orlando',
 'tre-mann',
 'Oklahoma City',
 'greg-brown',
 'Golden State',
 'corey-kispert',
 'Orlando',
 'jaden-springer',
 'Sacramento',
 'nahshon-hyland',
 'Memphis',
 'scottie-barnes',
 'Charlotte',
 'jared-butler',
 'San Antonio',
 'sharife-cooper',
 'Indiana',
 'jalen-suggs',
 'Golden State',
 'james-bouknight',
 'Washington',
 'joshua-primo'